{"cameraMode":{"drawMode":0,"name":"Shaded","section":"Shading Mode"},"sceneLighting":false,"audioPlay":true,"sceneViewState":{"showFog":true,"showMaterialUpdate":false,"showSkybox":false,"showFlares":true,"showImageEffects":true,"showParticleSystems":true},"in2DMode":false,"pivot":{"x":0.15800000727176667,"y":0.08400000631809235,"z":0.5950000286102295},"rotation":{"x":-0.022800801321864129,"y":-0.024893581867218019,"z":0.0005680486210621893,"w":-0.9994299411773682},"size":0.42622196674346926,"orthographic":false}